{"m": [1.2, 1.5, 2.0, 2.5, 3.0, 4.0], "mean_entropy": [2.708050180779763, 2.708050197482149, 2.7080501995325075, 2.7080501989780594, 2.708050199292973, 2.7080501994564745], "mean_max_membership": [0.06668838522509583, 0.0666738524110324, 0.06666793811038296, 0.06667046747273925, 0.06666938095884092, 0.06666865135736472], "pct_ambiguous": [0.0, 0.0, 0.0, 0.0, 0.0, 0.0]}