{"k": [8, 9, 10, 11, 12, 13, 14, 15, 16, 17, 18, 19, 20, 21], "silhouette": [-0.012784093618392944, 0.005937162321060896, -0.006831170059740543, 0.0013222084380686283, 0.006532085593789816, -0.0035416411701589823, 0.002528890036046505, -0.010761210694909096, -0.0037078254390507936, -0.01869960129261017, -0.02207978256046772, -0.003016100497916341, -0.03145986795425415, -0.016705742105841637], "db_index": [4.693392078259551, 7.771451158484372, 6.050999680643849, 5.461795716866236, 5.443057175175376, 5.52921219789216, 4.871284176867758, 5.251207738173599, 5.78395854227434, 4.998324894288215, 4.768911928272265, 4.890011177828979, 4.931585226415654, 4.37935937200913], "fcm_loss": [599.248526331764, 532.6653566727184, 479.3988210772883, 435.8171135129798, 399.4990208781335, 368.768329437301, 342.427732332466, 319.59921639261773, 299.62426457552164, 281.99930859409653, 266.3326801502559, 252.31517024627294, 239.69941219455734, 228.28515417668024]}